text,clarity,score
Introduction present but explanation is average.,medium,7
"Clear introduction, structured content and strong conclusion.",good,8
Short text without structure,poor,4
Content is somewhat clear but lacks conclusion.,medium,6
No introduction and unclear content,poor,3
Short text without structure,poor,4
Short text without structure,poor,1
Introduction about AI. Detailed explanation with examples. Proper conclusion.,good,8
Introduction present but explanation is average.,medium,6
No introduction and unclear content,poor,4
No introduction and unclear content,poor,2
No introduction and unclear content,poor,1
Introduction present but explanation is average.,medium,6
Introduction present but explanation is average.,medium,6
No introduction and unclear content,poor,4
No introduction and unclear content,poor,2
Short text without structure,poor,4
"Clear introduction, structured content and strong conclusion.",good,9
Content is somewhat clear but lacks conclusion.,medium,6
"Clear introduction, structured content and strong conclusion.",good,8
Introduction about AI. Detailed explanation with examples. Proper conclusion.,good,8
"Clear introduction, structured content and strong conclusion.",good,9
"Clear introduction, structured content and strong conclusion.",good,9
No introduction and unclear content,poor,3
Short text without structure,poor,3
Content is somewhat clear but lacks conclusion.,medium,7
"Clear introduction, structured content and strong conclusion.",good,8
"Clear introduction, structured content and strong conclusion.",good,10
Content is somewhat clear but lacks conclusion.,medium,6
"Clear introduction, structured content and strong conclusion.",good,8
No introduction and unclear content,poor,1
"Clear introduction, structured content and strong conclusion.",good,8
Content is somewhat clear but lacks conclusion.,medium,6
Short text without structure,poor,3
Introduction present but explanation is average.,medium,6
Short text without structure,poor,4
"Clear introduction, structured content and strong conclusion.",good,8
Content is somewhat clear but lacks conclusion.,medium,7
Introduction present but explanation is average.,medium,5
Introduction about AI. Detailed explanation with examples. Proper conclusion.,good,10
No introduction and unclear content,poor,1
No introduction and unclear content,poor,3
Short text without structure,poor,1
Content is somewhat clear but lacks conclusion.,medium,6
Introduction about AI. Detailed explanation with examples. Proper conclusion.,good,9
No introduction and unclear content,poor,4
Short text without structure,poor,2
"Clear introduction, structured content and strong conclusion.",good,10
No introduction and unclear content,poor,4
Short text without structure,poor,3
Introduction about AI. Detailed explanation with examples. Proper conclusion.,good,9
Introduction about AI. Detailed explanation with examples. Proper conclusion.,good,10
Content is somewhat clear but lacks conclusion.,medium,6
Content is somewhat clear but lacks conclusion.,medium,5
Content is somewhat clear but lacks conclusion.,medium,7
Introduction about AI. Detailed explanation with examples. Proper conclusion.,good,9
Introduction about AI. Detailed explanation with examples. Proper conclusion.,good,8
"Clear introduction, structured content and strong conclusion.",good,9
No introduction and unclear content,poor,1
Introduction present but explanation is average.,medium,7
Content is somewhat clear but lacks conclusion.,medium,6
Content is somewhat clear but lacks conclusion.,medium,5
"Clear introduction, structured content and strong conclusion.",good,8
Content is somewhat clear but lacks conclusion.,medium,5
No introduction and unclear content,poor,2
Introduction present but explanation is average.,medium,5
Content is somewhat clear but lacks conclusion.,medium,6
Content is somewhat clear but lacks conclusion.,medium,7
Introduction present but explanation is average.,medium,7
Short text without structure,poor,4
Introduction present but explanation is average.,medium,6
Introduction present but explanation is average.,medium,7
Introduction present but explanation is average.,medium,7
No introduction and unclear content,poor,3
Introduction about AI. Detailed explanation with examples. Proper conclusion.,good,9
Introduction present but explanation is average.,medium,5
No introduction and unclear content,poor,1
Short text without structure,poor,4
No introduction and unclear content,poor,2
Content is somewhat clear but lacks conclusion.,medium,7
Introduction about AI. Detailed explanation with examples. Proper conclusion.,good,10
No introduction and unclear content,poor,2
Introduction about AI. Detailed explanation with examples. Proper conclusion.,good,8
Introduction about AI. Detailed explanation with examples. Proper conclusion.,good,9
Content is somewhat clear but lacks conclusion.,medium,7
Introduction present but explanation is average.,medium,6
Introduction about AI. Detailed explanation with examples. Proper conclusion.,good,10
Introduction present but explanation is average.,medium,5
No introduction and unclear content,poor,3
Introduction about AI. Detailed explanation with examples. Proper conclusion.,good,8
Introduction about AI. Detailed explanation with examples. Proper conclusion.,good,10
Introduction present but explanation is average.,medium,7
No introduction and unclear content,poor,4
Introduction present but explanation is average.,medium,6
Introduction about AI. Detailed explanation with examples. Proper conclusion.,good,8
"Clear introduction, structured content and strong conclusion.",good,8
Introduction present but explanation is average.,medium,7
Introduction about AI. Detailed explanation with examples. Proper conclusion.,good,9
Introduction about AI. Detailed explanation with examples. Proper conclusion.,good,10
Introduction present but explanation is average.,medium,5
Introduction about AI. Detailed explanation with examples. Proper conclusion.,good,9
Introduction about AI. Detailed explanation with examples. Proper conclusion.,good,10
"Clear introduction, structured content and strong conclusion.",good,9
Introduction present but explanation is average.,medium,5
Content is somewhat clear but lacks conclusion.,medium,7
Introduction present but explanation is average.,medium,5
"Clear introduction, structured content and strong conclusion.",good,8
No introduction and unclear content,poor,1
Content is somewhat clear but lacks conclusion.,medium,6
No introduction and unclear content,poor,4
Introduction present but explanation is average.,medium,7
Introduction present but explanation is average.,medium,5
Short text without structure,poor,1
Introduction present but explanation is average.,medium,6
Introduction about AI. Detailed explanation with examples. Proper conclusion.,good,10
Introduction about AI. Detailed explanation with examples. Proper conclusion.,good,8
Short text without structure,poor,4
No introduction and unclear content,poor,3
Introduction present but explanation is average.,medium,7
Introduction present but explanation is average.,medium,5
No introduction and unclear content,poor,3
No introduction and unclear content,poor,3
No introduction and unclear content,poor,3
"Clear introduction, structured content and strong conclusion.",good,10
Content is somewhat clear but lacks conclusion.,medium,6
Introduction about AI. Detailed explanation with examples. Proper conclusion.,good,10
"Clear introduction, structured content and strong conclusion.",good,9
Introduction present but explanation is average.,medium,5
"Clear introduction, structured content and strong conclusion.",good,10
"Clear introduction, structured content and strong conclusion.",good,8
Content is somewhat clear but lacks conclusion.,medium,5
"Clear introduction, structured content and strong conclusion.",good,8
Short text without structure,poor,3
Introduction present but explanation is average.,medium,6
"Clear introduction, structured content and strong conclusion.",good,10
Content is somewhat clear but lacks conclusion.,medium,7
Introduction present but explanation is average.,medium,6
Short text without structure,poor,3
Content is somewhat clear but lacks conclusion.,medium,6
Introduction about AI. Detailed explanation with examples. Proper conclusion.,good,10
Introduction present but explanation is average.,medium,5
Short text without structure,poor,1
Introduction present but explanation is average.,medium,6
Short text without structure,poor,4
Introduction present but explanation is average.,medium,5
"Clear introduction, structured content and strong conclusion.",good,9
"Clear introduction, structured content and strong conclusion.",good,10
"Clear introduction, structured content and strong conclusion.",good,9
Introduction present but explanation is average.,medium,6
No introduction and unclear content,poor,3
Content is somewhat clear but lacks conclusion.,medium,5
Short text without structure,poor,1
Short text without structure,poor,4
Content is somewhat clear but lacks conclusion.,medium,5
Introduction about AI. Detailed explanation with examples. Proper conclusion.,good,8
Introduction about AI. Detailed explanation with examples. Proper conclusion.,good,8
Content is somewhat clear but lacks conclusion.,medium,7
Short text without structure,poor,2
Content is somewhat clear but lacks conclusion.,medium,7
Introduction present but explanation is average.,medium,5
Content is somewhat clear but lacks conclusion.,medium,7
Introduction present but explanation is average.,medium,5
Introduction present but explanation is average.,medium,7
Short text without structure,poor,3
No introduction and unclear content,poor,3
Content is somewhat clear but lacks conclusion.,medium,6
Introduction present but explanation is average.,medium,7
Short text without structure,poor,2
No introduction and unclear content,poor,4
Introduction about AI. Detailed explanation with examples. Proper conclusion.,good,8
Introduction present but explanation is average.,medium,7
"Clear introduction, structured content and strong conclusion.",good,8
No introduction and unclear content,poor,3
Short text without structure,poor,3
"Clear introduction, structured content and strong conclusion.",good,10
Introduction about AI. Detailed explanation with examples. Proper conclusion.,good,9
"Clear introduction, structured content and strong conclusion.",good,9
Short text without structure,poor,2
Content is somewhat clear but lacks conclusion.,medium,6
"Clear introduction, structured content and strong conclusion.",good,9
Introduction about AI. Detailed explanation with examples. Proper conclusion.,good,8
Introduction about AI. Detailed explanation with examples. Proper conclusion.,good,9
No introduction and unclear content,poor,2
Introduction present but explanation is average.,medium,6
No introduction and unclear content,poor,2
"Clear introduction, structured content and strong conclusion.",good,10
Short text without structure,poor,2
"Clear introduction, structured content and strong conclusion.",good,9
Content is somewhat clear but lacks conclusion.,medium,6
Introduction present but explanation is average.,medium,7
No introduction and unclear content,poor,1
Introduction about AI. Detailed explanation with examples. Proper conclusion.,good,10
"Clear introduction, structured content and strong conclusion.",good,9
No introduction and unclear content,poor,3
"Clear introduction, structured content and strong conclusion.",good,9
Content is somewhat clear but lacks conclusion.,medium,5
No introduction and unclear content,poor,1
Introduction about AI. Detailed explanation with examples. Proper conclusion.,good,10
Content is somewhat clear but lacks conclusion.,medium,6
Introduction about AI. Detailed explanation with examples. Proper conclusion.,good,8
